MarkerName,missing_rate,maf
AG1_1,0.0419161676646707,0.492350486787204
AG3_1,0.0172987358616101,0.0989830508474576
AG3_2,0.0113107119095143,0.111185983827493
BPH32,0.0565535595475715,0.494703389830508
BPH32-01,0.053226879574185,0.493314567206193
BPH9_1,0.0119760479041916,0.49527983816588
BPH9_2,0.072521623419827,0.492097701149425
Bph17_1,0.0226214238190286,0.49931833674165
Bph17_2,0.0844976713240186,0.499272197962154
Bph17_3,0.00998003992015968,0.498654104979812
COLD1-jap,0.0239520958083832,0.499317406143345
Chalk5_5.1,0.338656021290752,0.419858870967742
DTH8-IR24,0.0352628077178975,0.103245856353591
DTY1-1_1,0.0119760479041916,0.345583277140931
DTY1-1_2,0.70059880239521,0.0234375
DTY1-1_3,0.0139720558882236,0.493243243243243
DTY1-1_4,0.00931470392548237,0.495292535305985
DTY12-1_2,0.0119760479041916,0.442346594740391
DTY2-2_1,0.0153027278775782,0.343031123139378
DTY2-2_2,0.0379241516966068,0.479570637119114
DTY2-2_3,0.010645375914837,0.476767676767677
DTY2-2_4,0.0379241516966068,0.459487534626039
DTY3-1_2,0.010645375914837,0.495622895622896
DTY3-1_4,0.214903526280772,0.485993208828523
DTY3-2-IR64_1,0.0365934797072522,0.34923928077455
DTY3-2-N22_1,0.00864936793080506,0.474126344086022
DTY3-2-Swarna_1,0.0139720558882236,0.2875
DTY4-1_1,0.0492348636061211,0.483531885073581
DTY4-1_2,0.00998003992015968,0.421601615074024
DTY4-1_3,0.042581503659348,0.499652052887961
Dro1,0.0146373918829009,0
GLW2-01,0.0153027278775782,0.5
GS3,0.0119760479041916,0.259271746459879
GW5_1,0.0385894876912841,0.462231462231462
GW5_2,0.0139720558882236,0.480405405405405
Ghd7-0,0.103127079174983,0.5
Ghd7-2-02,0.0445775116433799,0.341004184100418
Ghd7-340-01,0.029940119760479,0.496222527472527
Ghd7-4,0.0645375914836993,0.490384615384615
Gm4_1,0.0126413838988689,0.486504723346829
Gm4_2,0.310711909514305,0.330754352030948
Gm4_3,0.0133067198935462,0.465901417960837
Gm4_4,0.010645375914837,0.469360269360269
Gn1a_2,0.0359281437125748,0.5
Hd1-01,0.0119760479041916,0.46223870532704
Hd1-N22-01,0.0372588157019295,0.481314878892734
Hd1-N22-02,0.0133067198935462,0.329844699527346
Hd3a-340-01,0.0259481037924152,0.490766073871409
IRGSP1_C01_2124430,0.339986693280106,0.284848484848485
IRGSP1_C01_22891448,0.0199600798403194,0.372535690006798
IRGSP1_C01_23735018,0.0139720558882236,0.480067567567568
IRGSP1_C02_23246863,0.0153027278775782,0.491542625169147
IRGSP1_C02_34852782,0.00998003992015968,0.466352624495289
IRGSP1_C02_4549475,0.0365934797072522,0.279045643153527
IRGSP1_C03_14933451,0.00998003992015968,0.349596231493943
IRGSP1_C03_7752789,0.010645375914837,0.00774410774410774
IRGSP1_C04_4319691,0.731869594145043,0.00872817955112219
IRGSP1_C04_602842,0.0445775116433799,0.123082287308229
IRGSP1_C05_13854594,0.0432468396540253,0.311629526462396
IRGSP1_C05_16102191,0.0412508316699933,0.443363446838082
IRGSP1_C07_16037152,0.0113107119095143,0.173854447439353
IRGSP1_C07_18133844,0.0126413838988689,0.24527665317139
IRGSP1_C07_19408599,0.236194278110446,0.280541012216405
IRGSP1_C08_10441781,0.0326014637391883,0.353994490358127
IRGSP1_C08_24853648,0.0252827677977379,0.178400546821599
IRGSP1_C08_27133000,0.0525615435795077,0.426511954992968
IRGSP1_C09_11826013,0.996007984031936,0
IRGSP1_C09_6205891,0.0399201596806387,0.398681471200555
IRGSP1_C10_12035291,0.874251497005988,0.0053475935828877
IRGSP1_C10_4003666,0.168995342648037,0.0641539695268645
IRGSP1_C11_22303236,0.0365934797072522,0.172544951590595
IRGSP1_C11_23731426,0.0419161676646707,0.142559109874826
IRGSP1_C11_26573524,0.706586826347305,0.5
IRGSP1_C11_27391141,0.0179640718562874,0.237788331071913
IRGSP1_C11_27571141,0.0578842315369262,0.411598302687412
IRGSP1_C12_15966147,0.0326014637391883,0.1866391184573
LOX3-01,0.272787757817698,0
MSU7_10_17077589_G-T,0.0432468396540253,0
MSU7_10_19330765_T-C,0.0485695276114438,0.487745098039216
MSU7_10_19462911_A-G,0.589487691284099,0.134959349593496
MSU7_10_19463063_C-T,0.0153027278775782,0.117388362652233
MSU7_10_19463253_T-C,0.0365934797072522,0.149723374827109
MSU7_10_19463411_C-T,0.0133067198935462,0.0334233625928427
MSU7_11_22141523_A-G,0.0113107119095143,0.477088948787062
MSU7_11_22225387_T-A,0.0159680638722555,0.5
MSU7_11_25264164_C-T,0.0465735196274118,0.473794549266247
MSU7_11_26377995_C-T,0.0718562874251497,0.492462311557789
MSU7_11_26378164_C-G,0.0133067198935462,0.477380148548278
MSU7_11_26378164_[C/G],0.0113107119095143,0.475404312668464
MSU7_11_27975815_TA-CG,0.998669328010645,NA
MSU7_11_27977546_T-G,0.318030605455755,0.454545454545455
MSU7_11_27979080_G-T,0.32667997338656,0
MSU7_11_27979787_C-T,0.31936127744511,0.198824681684623
MSU7_11_27980276_C-G,0.355954757152362,0
MSU7_11_27980673_C-T,0.318030605455755,0.093841642228739
MSU7_11_27981906_C-T,0.345974717232202,0.241080530071356
MSU7_11_27982970_C-G,0.356620093147039,0.498963730569948
MSU7_11_27983574_C-T,0.404524284763806,0.0856662933930571
MSU7_11_27984825_A-G,0.374584165003327,0
MSU7_11_27985429_TT-GC,0.328675981370592,0
MSU7_12_10607554_C-A,0.019294743845642,0.481997282608696
MSU7_12_10830674_G-A,0.0159680638722555,0.48747461069736
MSU7_12_10833370_T-A,0.978043912175649,0.5
MSU7_12_10833386_TG-AA,0.533599467731204,0.5
MSU7_12_10833409_C-T,0.0678642714570858,0.5
MSU7_12_17394373_G-T,0.040585495675316,0.159722222222222
MSU7_12_22885896_T-C,0.0159680638722555,0.5
MSU7_1_33144909_T-G,0.0652029274783766,0.5
MSU7_1_40072881_A-G,0.0153027278775782,0.484438430311231
MSU7_1_40072881_[A/G],0.019294743845642,0.483016304347826
MSU7_1_40073902_C-A,0.47039254823686,0.45088161209068
MSU7_1_4743599_G-A,0.0139720558882236,0.485810810810811
MSU7_1_4797026_C-T,0.0392548236859614,0.483009708737864
MSU7_1_5024823_T-C,0.0179640718562874,0.484735413839891
MSU7_1_8586905_[C/T],0.0113107119095143,0.481132075471698
MSU7_2_19365137_C-T,0.0372588157019295,0.28477508650519
MSU7_2_19366170_C-A,0.0119760479041916,0.283546864463924
MSU7_2_19366631_C-A,0.0153027278775782,0.5
MSU7_3_15421809_C-T,0.0119760479041916,0.078894133513149
MSU7_3_15422542_A-G,0.0126413838988689,0.473346828609987
MSU7_3_15423345_A-G,0.0133067198935462,0.484132343011479
MSU7_3_16734121_C-A,0.0126413838988689,0.439608636977058
MSU7_3_18437518_C-G,0.9208250166334,0.495726495726496
MSU7_3_18437564_C-T,0.174318030605456,0.481436642453592
MSU7_3_28093193_A-G,0.200266134397871,0.000833333333333333
MSU7_3_31512460_T-A,0.0119760479041916,0
MSU7_3_36149383_A-G,0.0432468396540253,0.495125348189415
MSU7_3_36149901_T-A,0.0252827677977379,0.355092276144908
MSU7_4_19796129_T-C,0.0232867598137059,0.493178717598909
MSU7_4_19841202_T-C,0.466400532268796,0.48625
MSU7_4_19841904_T-C,0.131736526946108,0.493476592478895
MSU7_4_23886659_Indel,0.0352628077178975,0.5
MSU7_4_24948145_[G/A],0.0119760479041916,0.483816587997303
MSU7_5_18815575_T-C,0.0399201596806387,0.498612074947953
MSU7_5_18816269_C-T,0.010645375914837,0.374410774410774
MSU7_5_5360689_T-C,0.0518962075848303,0.497189037245256
MSU7_6_10388389_TT-AA,0.0345974717232202,0.469289164941339
MSU7_6_10389352_A-T,0.0139720558882236,0.481081081081081
MSU7_6_15335402_G-A,0.0399201596806387,0.298403886190146
MSU7_6_15335537_TTA-CTG,0.998669328010645,NA
MSU7_6_15335573_A-C,0.831004657351963,0.378968253968254
MSU7_6_15340178_G-A,0.0159680638722555,0.203452945159106
MSU7_6_15357538_A-T,0.0372588157019295,0.310034602076125
MSU7_6_15361336_G-C,0.0126413838988689,0.362685560053981
MSU7_6_1765761_T-G,0.0146373918829009,0.498647734956051
MSU7_6_1768795_G-A,0.0126413838988689,0.491902834008097
MSU7_6_1770848_C-G,0.072521623419827,0.494612068965517
MSU7_6_1771497_T-C,0.504324683965403,0.5
MSU7_6_23609519_A-C,0.0126413838988689,0.476045883940621
MSU7_6_23609712_G-A,0.139720558882236,0.44848954298993
MSU7_6_27480778_G-C,0.0179640718562874,0.270352781546811
MSU7_6_2926913_G-T,0.34397870924817,0.386178861788618
MSU7_6_2928178_G-A,0.0472388556220892,0.291258741258741
MSU7_6_2941965_T-A,0.987358616101131,0.5
MSU7_6_2942292_A-C,0.0505655355954757,0.43719298245614
MSU7_6_30896555_C-T,0.0372588157019295,0.499653979238754
MSU7_6_30899986_T-C,0.0139720558882236,0.499662162162162
MSU7_6_5759185_A-T,0.040585495675316,0.488541666666667
MSU7_6_5760052_A-G,0.0412508316699933,0.497915218902015
MSU7_6_5760918_C-A,0.0485695276114438,0.0448179271708683
MSU7_6_5761006_C-T,0.0479041916167665,0.30405878236529
MSU7_6_5761511_C-T,0.0419161676646707,0.0511126564673157
MSU7_6_6752756_A-G,0.482368596141051,0.5
MSU7_6_9325033_C-A,0.0126413838988689,0.463900134952767
MSU7_6_9338004_Indel,0.0379241516966068,0.477839335180055
MSU7_6_9338220_Indel,0.0153027278775782,0.443843031123139
MSU7_7_12760070_A-C,0.0126413838988689,0.0067476383265857
MSU7_7_24666398_A-G,0.0392548236859614,0.457004160887656
MSU7_7_24667068_A-G,0.0119760479041916,0.0158462575859744
MSU7_7_25310132_T-C,0.019294743845642,0.5
MSU7_7_28305040_A-G,0.0592149035262808,0.493980169971671
MSU7_7_29617124_T-C,0.0479041916167665,0.0678796361091673
MSU7_7_29617554_C-T,0.0459081836327345,0.0286312849162011
MSU7_7_29617569_C-G,0.0286094477711244,0
MSU7_7_29623011_C-T,0.0172987358616101,0.0627118644067797
MSU7_7_29623803_A-G,0.0219560878243513,0.5
MSU7_7_29626599_A-G,0.0186294078509647,0.29837067209776
MSU7_7_29627021_A-G,0.0159680638722555,0.29011509817197
MSU7_7_29627240_T-G,0.0179640718562874,0.284260515603799
MSU7_7_29627357_Indel,0.996673320026613,0.5
MSU7_7_29627590_A-C,0.0179640718562874,0.490162822252375
MSU7_7_29627810_A-G,0.0133067198935462,0.49426063470628
MSU7_7_9152479_C-G,0.0372588157019295,0.323875432525952
MSU7_7_9154664_A-C,0.206919494344644,0.5
MSU7_8_20374951_T-G,0.0133067198935462,0.49527346387576
MSU7_8_26501458_C-T,0.870924817032601,0.46875
MSU7_8_26505566_Indel,0.998669328010645,NA
MSU7_8_5140824_C-T,0.0119760479041916,0.450775455158463
MSU7_8_5140870_G-A,0.0452428476380572,0.00209351011863224
MSU7_9_12269980_A-C,0.019294743845642,0.441576086956522
MSU7_9_12280726_A-G,0.0339321357285429,0.466896551724138
MSU7_9_14567436_Indel,0.908848968729208,0
MSU7_9_16308325_Indel,0.998003992015968,0.5
MSU7_9_16767260_T-C,0.0133067198935462,0.480756245779878
MSU7_9_16767396_T-G,0.0312707917498337,0.489683631361761
MSU7_9_6374718_A-G,0.0113107119095143,0.497978436657682
MSU7_9_6605118_T-G,0.0365934797072522,0.497579529737206
MSU7_9_9670039_C-T,0.0146373918829009,0.5
MSU7_9_9672424_T-C,0.0252827677977379,0.497607655502392
MSU7_9_9673187_G-C,0.0139720558882236,0.459121621621622
NAL1,0.0113107119095143,0.46832884097035
NAS3_2,0.0126413838988689,0.471322537112011
Os08g0424500 BADH2,0.040585495675316,0.496180555555556
PGC8-2,0.010645375914837,0.468350168350168
PPKL1-01,0.0119760479041916,0.5
PRR37-1a,0.997338656021291,0.25
PRR37-1b_Y704H,0.0159680638722555,0.5
PRR37-1c_Q705Stop,0.0159680638722555,0.499661475964793
PRR37-2a,0.0439121756487026,0.5
PRR37-2a_L710P,0.0159680638722555,0.5
PRR37-Moro,0.0844976713240186,0.490902474526929
Pb1_1,0.0126413838988689,0.352901484480432
Pi2-01,0.00998003992015968,0.477119784656797
Pi2-02,0.00998003992015968,0.47678331090175
Pi33_1,0.0113107119095143,0.494272237196765
Pi33_2,0.17564870259481,0.32821341956346
Pi33_3,0.0153027278775782,0.497293640054127
Pi35_E1054D,0.00931470392548237,0.5
Pi54_5,0.0146373918829009,0.482420554428668
Pi9_1,0.0844976713240186,0.499636098981077
Pid2-Digu,0.00998003992015968,0.0592193808882907
Pid3-01,0.0153027278775782,0.0554803788903924
Pid3-02,0.0505655355954757,0.00105263157894737
Pik_1,0.338656021290752,0.490927419354839
Pik_2,0.314703925482369,0.492704280155642
Pikh_1,0.316034597471723,0.499025341130604
Pikh_2,0.326014637391883,0.497527200791296
Pikh_indel2,0.33666001330672,0.00402010050251256
R1056S,0.00931470392548237,0.496637525218561
RFT1_E105K-01,0.0479041916167665,0.292162351294612
RYMV3-01,0.0385894876912841,0.495841995841996
Rf3,0.455089820359281,0.470012239902081
Rf4,0.0146373918829009,0.496619337390128
SCT1_1,0.0133067198935462,0.0273463875759622
SCT1_2,0.0119760479041916,0.447741065407957
SCT1_3,0.0126413838988689,0.451079622132254
SCT1_4,0.0159680638722555,0.232904536222072
SSIIa-3b,0.0153027278775782,0.437077131258457
SSIIa-Hap4,0.0326014637391883,0.5
STV11,0.0459081836327345,0.25768156424581
Saltol-Aro,0.0226214238190286,0.474437627811861
Saltol-Aus,0.0126413838988689,0.472334682860999
Sub1_1,0.00998003992015968,0.499663526244953
Sub1_2,0.0119760479041916,0.498651382333109
TBV1_2,0.010645375914837,0.496969696969697
TGW6,0.0119760479041916,0.413351314902225
TSV1_TKM6,0.0372588157019295,0.499307958477509
TSV1_UM,0.051230871590153,0.5
WA-CMS,0.0119760479041916,0.0107889413351315
WFP1,0.0159680638722555,0.5
Wx-A-NB,0.0179640718562874,0.495251017639077
Wx-A-Rc222,0.0139720558882236,0.335135135135135
Wx-A_group,0.0159680638722555,0.123899796885579
Wx-int,0.00998003992015968,0.462651413189771
Wx-op,0.00998003992015968,0
Xa10-01,0.112441783100466,0.5
Xa10-02,0.111111111111111,0.499625187406297
Xa21-02,0.0499001996007984,0.498246844319776
Xa23_1,0.00998003992015968,0.5
Xa23_2,0.00998003992015968,0.5
Xa26_1,0.13373253493014,0.0376923076923077
Xa4_3,0.00998003992015968,0.466016150740242
Xa4_4,0.200931470392548,0.416180150125104
Xa7_1,0.0133067198935462,0.479068197164078
Xa7_2,0.0385894876912841,0.490990990990991
Xa7_3,0.010645375914837,0.498653198653199
chalk5_576,0.0159680638722555,0.484766418415708
chr01_10100605,0.0153027278775782,0.184370771312585
chr01_10202227,0.0385894876912841,0.390852390852391
chr01_1044946,0.0126413838988689,0.296896086369771
chr01_10645259,0.0226214238190286,0.360259032038173
chr01_10846090,0.0119760479041916,0.465610249494268
chr01_11250486,0.0119760479041916,0.49527983816588
chr01_1175585,0.0153027278775782,0.472259810554804
chr01_12216652,0.127079174983367,0.196564885496183
chr01_12335190,0.0146373918829009,0.4394861392833
chr01_13777831,0.729873586161011,0.00123762376237624
chr01_1410467,0.0113107119095143,0.213274932614555
chr01_14375630,0.0126413838988689,0.483805668016194
chr01_14508449,0.0119760479041916,0.146662171274444
chr01_1532281,0.0113107119095143,0.285040431266846
chr01_15393352,0.0113107119095143,0.243598382749326
chr01_15883941,0.0199600798403194,0.442556084296397
chr01_16284866,0.0186294078509647,0.234215885947047
chr01_16596849,0.0186294078509647,0.23082145281738
chr01_17008280,0.0392548236859614,0.5
chr01_17219764,0.0113107119095143,0.457210242587601
chr01_17426109,0.0133067198935462,0.234638757596219
chr01_18102213,0.0153027278775782,0.449594046008119
chr01_18332445,0.0379241516966068,0.235457063711911
chr01_18501890,0.781104457751164,0.475535168195719
chr01_19008526,0.0133067198935462,0.218771100607697
chr01_19308987,0.0119760479041916,0.349966284558328
chr01_194844,0.0133067198935462,0.37272113436867
chr01_20418175,0.0372588157019295,0.394463667820069
chr01_20562598,0.0133067198935462,0.37069547602971
chr01_2100471,0.0133067198935462,0.317690749493585
chr01_21011077,0.0126413838988689,0.431511470985155
chr01_22554065,0.0119760479041916,0.384356035064059
chr01_2277961,0.0119760479041916,0.427511800404585
chr01_23091103,0.0133067198935462,0.472316002700878
chr01_23240729,0.0113107119095143,0.390161725067385
chr01_23656773,0.00998003992015968,0.47207267833109
chr01_24050118,0.0113107119095143,0.321765498652291
chr01_24722142,0.0119760479041916,0.439312204989885
chr01_2532252,0.0126413838988689,0.408906882591093
chr01_26187514,0.0133067198935462,0.37069547602971
chr01_27046296,0.010645375914837,0.222895622895623
chr01_2726468,0.00998003992015968,0.432032301480485
chr01_27330724,0.0133067198935462,0.388926401080351
chr01_28142020,0.0126413838988689,0.282388663967611
chr01_28478660,0.0159680638722555,0.393026404874746
chr01_2865232,0.0113107119095143,0.423854447439353
chr01_28826738,0.010645375914837,0.156228956228956
chr01_30569798,0.010645375914837,0.311111111111111
chr01_31396842,0.019294743845642,0.231657608695652
chr01_32041358,0.0126413838988689,0.203103913630229
chr01_32359998,0.0172987358616101,0.392881355932203
chr01_3236648,0.439787092481703,0.486904761904762
chr01_32563460,0.0133067198935462,0.363605671843349
chr01_32766139,0.0133067198935462,0.305536799459824
chr01_33164035,0.0625415834996673,0.217484008528785
chr01_33472174,0.0159680638722555,0.34427894380501
chr01_33695501,0.00931470392548237,0.214862138533961
chr01_33901317,0.040585495675316,0.296180555555556
chr01_34201543,0.0412508316699933,0.498262682418346
chr01_34363755,0.0964737192282102,0.464233038348083
chr01_34508997,0.0133067198935462,0.314314652261985
chr01_35259107,0.0219560878243513,0.426430517711172
chr01_3529691,0.0113107119095143,0.451145552560647
chr01_35794891,0.040585495675316,0.444444444444444
chr01_36150523,0.0113107119095143,0.23921832884097
chr01_36419842,0.0113107119095143,0.238544474393531
chr01_37274755,0.0153027278775782,0.409675236806495
chr01_375814,0.00931470392548237,0.401815736381977
chr01_37680628,0.0133067198935462,0.37339635381499
chr01_37920337,0.40585495675316,0.409652076318743
chr01_38632196,0.00864936793080506,0.27116935483871
chr01_39548506,0.0126413838988689,0.275978407557355
chr01_39955529,0.010645375914837,0.222558922558923
chr01_40699488,0.0139720558882236,0.288851351351351
chr01_41020155,0.0172987358616101,0.354237288135593
chr01_4167976,0.0159680638722555,0.240013540961408
chr01_41691238,0.988023952095808,0
chr01_41911439,0.0252827677977379,0.465481886534518
chr01_42425574,0.0113107119095143,0.444407008086253
chr01_42877440,0.0159680638722555,0.332769126607989
chr01_4307004,0.0119760479041916,0.346594740391099
chr01_43074709,0.0139720558882236,0.436824324324324
chr01_5064126,0.0133067198935462,0.469277515192438
chr01_5408523,0.155688622754491,0.278216258879242
chr01_5510350,0.0139720558882236,0.229054054054054
chr01_6130240,0.0113107119095143,0.342654986522911
chr01_6543217,0.0146373918829009,0.436105476673428
chr01_7068516,0.010645375914837,0.338720538720539
chr01_717702,0.0146373918829009,0.337390128465179
chr01_7563923,0.0146373918829009,0.383367139959432
chr01_8760562,0.0133067198935462,0.274814314652262
chr01_9164508,0.0146373918829009,0.304935767410412
chr01_932866,0.010645375914837,0.164309764309764
chr02_103273,0.00998003992015968,0.308209959623149
chr02_10555263,0.0133067198935462,0.486495611073599
chr02_1082416,0.0292747837658017,0.413864104323953
chr02_10874369,0.0432468396540253,0.313718662952646
chr02_11701123,0.0139720558882236,0.391554054054054
chr02_1380527,0.0113107119095143,0.34366576819407
chr02_13962476,0.0372588157019295,0.330449826989619
chr02_1487009,0.0133067198935462,0.318365968939905
chr02_16464872,0.0133067198935462,0.241053342336259
chr02_1660713,0.0119760479041916,0.483142279163857
chr02_16919033,0.0139720558882236,0.220945945945946
chr02_17160895,0.0159680638722555,0.440758293838863
chr02_17497082,0.0445775116433799,0.278940027894003
chr02_17789129,0.0146373918829009,0.387423935091278
chr02_18370293,0.0139720558882236,0.225
chr02_18811812,0.0372588157019295,0.21522491349481
chr02_19981768,0.0119760479041916,0.462913014160486
chr02_2008370,0.0113107119095143,0.32311320754717
chr02_20145859,0.00731869594145043,0.362751677852349
chr02_20824958,0.0153027278775782,0.373815967523681
chr02_21060669,0.0499001996007984,0.390953716690042
chr02_21832777,0.0133067198935462,0.429101958136394
chr02_22340836,0.0133067198935462,0.354490209318028
chr02_23073414,0.0126413838988689,0.284750337381916
chr02_2334960,0.0219560878243513,0.442779291553134
chr02_23396915,0.0133067198935462,0.440243079000675
chr02_23538743,0.0133067198935462,0.259959486833221
chr02_23852677,0.0119760479041916,0.403573836817262
chr02_24168273,0.010645375914837,0.456902356902357
chr02_24264653,0.010645375914837,0.195959595959596
chr02_24772301,0.0139720558882236,0.1875
chr02_24887320,0.0159680638722555,0.352742044685173
chr02_25193353,0.0119760479041916,0.482805124747134
chr02_25949636,0.0884896872920825,0.475511695906433
chr02_26406867,0.0113107119095143,0.43733153638814
chr02_27548893,0.0113107119095143,0.252358490566038
chr02_28049479,0.0146373918829009,0.299864773495605
chr02_2819095,0.0119760479041916,0.351314902225219
chr02_28211032,0.0126413838988689,0.458839406207827
chr02_28778297,0.998669328010645,NA
chr02_29011747,0.526946107784431,0.00493653032440056
chr02_29415200,0.0146373918829009,0.301217038539554
chr02_29568762,0.00998003992015968,0.3314266487214
chr02_29718772,0.0445775116433799,0.435495118549512
chr02_2983451,0.526280771789754,0.430985915492958
chr02_30345735,0.00998003992015968,0.461305518169583
chr02_30530432,0.0119760479041916,0.42211732973702
chr02_31135814,0.0113107119095143,0.478436657681941
chr02_3136771,0.0113107119095143,0.390498652291105
chr02_31403314,0.0332667997338656,0.468986905582357
chr02_31678155,0.0146373918829009,0.481406355645707
chr02_316859,0.0153027278775782,0.455683355886333
chr02_31914486,0.0126413838988689,0.498650472334683
chr02_32101050,0.0119760479041916,0.128792987188132
chr02_32303539,0.0126413838988689,0.479757085020243
chr02_33035683,0.0159680638722555,0.247461069735951
chr02_34072964,0.0139720558882236,0.270945945945946
chr02_34425408,0.181636726546906,0
chr02_34707946,0.0133067198935462,0.442943956785955
chr02_3477202,0.0133067198935462,0.37407157326131
chr02_34865754,0.0133067198935462,0.273801485482782
chr02_34868096,0.010645375914837,0.257912457912458
chr02_35216781,0.010645375914837,0.252525252525253
chr02_35401891,0.0345974717232202,0.398205659075224
chr02_35568365,0.0119760479041916,0.452461227242077
chr02_35818319,0.125748502994012,0.253048780487805
chr02_3830712,0.994011976047904,0.5
chr02_4047646,0.0179640718562874,0.195047489823609
chr02_4342883,0.880904856952761,0.5
chr02_4823175,0.0279441117764471,0.409184372858122
chr02_4930742,0.0139720558882236,0.3625
chr02_494373,0.0146373918829009,0.258620689655172
chr02_5231169,0.0119760479041916,0.145313553607552
chr02_5836334,0.0139720558882236,0.438851351351351
chr02_6186335,0.0113107119095143,0.188679245283019
chr02_629512,0.0272787757817698,0.354452054794521
chr02_6805305,0.00998003992015968,0.174293405114401
chr02_7238793,0.0385894876912841,0.125433125433125
chr02_7342223,0.0153027278775782,0.346075778078484
chr02_8019748,0.0399201596806387,0.423664122137405
chr02_8814718,0.00998003992015968,0.196837146702557
chr02_890901,0.0159680638722555,0.394719025050779
chr02_9570228,0.0126413838988689,0.412955465587045
chr02_9801099,0.0272787757817698,0.490068493150685
chr02_9975660,0.0139720558882236,0.499324324324324
chr03_10184356,0.0166333998669328,0.494241192411924
chr03_10304250,0.010645375914837,0.124242424242424
chr03_10544320,0.0119760479041916,0.498988536749831
chr03_10798982,0.0652029274783766,0.485744832501782
chr03_11644944,0.0153027278775782,0.119418132611637
chr03_11851886,0.019294743845642,0.153872282608696
chr03_12564300,0.0133067198935462,0.49628629304524
chr03_1270943,0.0139720558882236,0.2875
chr03_13224089,0.0126413838988689,0.458502024291498
chr03_13932387,0.0226214238190286,0.498636673483299
chr03_14169727,0.0139720558882236,0.244932432432432
chr03_14554651,0.0113107119095143,0.285714285714286
chr03_1481412,0.644045242847638,0.0140712945590994
chr03_15072791,0.0133067198935462,0.435178933153275
chr03_15365726,0.00998003992015968,0.442462987886945
chr03_17307455,0.0359281437125748,0.460262612301313
chr03_1761412,0.0113107119095143,0.314016172506739
chr03_17827706,0.0119760479041916,0.370532703978422
chr03_18273682,0.0139720558882236,0.331756756756757
chr03_19667207,0.0412508316699933,0.322098679638638
chr03_19929911,0.0119760479041916,0.4173971679029
chr03_20664396,0.0139720558882236,0.422297297297297
chr03_21003404,0.0146373918829009,0.379986477349561
chr03_2151496,0.0113107119095143,0.46900269541779
chr03_22050510,0.010645375914837,0.450841750841751
chr03_22633713,0.0153027278775782,0.388362652232747
chr03_23037368,0.0119760479041916,0.343560350640593
chr03_23354868,0.0119760479041916,0.450775455158463
chr03_23851835,0.0139720558882236,0.318581081081081
chr03_24413888,0.0146373918829009,0.485463150777552
chr03_25157655,0.0126413838988689,0.487179487179487
chr03_25259336,0.0166333998669328,0.287940379403794
chr03_25530777,0.0179640718562874,0.385685210312076
chr03_25833182,0.010645375914837,0.249494949494949
chr03_26334305,0.0412508316699933,0.416608756080612
chr03_26456796,0.427811044577512,0.354895104895105
chr03_26982172,0.190951430472389,0.276359143327842
chr03_27275567,0.010645375914837,0.312457912457912
chr03_27494934,0.0146373918829009,0.310682893847194
chr03_27813704,0.0166333998669328,0.385840108401084
chr03_28851199,0.0345974717232202,0.458592132505176
chr03_2885423,0.00864936793080506,0.109206989247312
chr03_29152266,0.0745176314038589,0.443124550035997
chr03_29430694,0.0286094477711244,0.462277091906722
chr03_30247826,0.0392548236859614,0.0915395284327323
chr03_30604896,0.0146373918829009,0.422582826233942
chr03_31025197,0.019294743845642,0.484035326086957
chr03_31190989,0.0119760479041916,0.436614969656102
chr03_31427789,0.0113107119095143,0.443059299191375
chr03_31614921,0.296739853626081,0.0004739336492891
chr03_32063693,0.00998003992015968,0.454239569313594
chr03_32430702,0.0113107119095143,0.394204851752022
chr03_32577650,0.0153027278775782,0.437415426251691
chr03_32832500,0.042581503659348,0.432150313152401
chr03_33080942,0.0139720558882236,0.412162162162162
chr03_33319900,0.0312707917498337,0.497936726272352
chr03_33713486,0.0119760479041916,0.45987862440998
chr03_3382980,0.0139720558882236,0.246621621621622
chr03_34275405,0.00998003992015968,0.462651413189771
chr03_34476308,0.0944777112441783,0.45952906548933
chr03_34678981,0.0139720558882236,0.471283783783784
chr03_35093761,0.0119760479041916,0.4881995954147
chr03_35636092,0.00931470392548237,0.499327505043712
chr03_35824355,0.0119760479041916,0.337828725556305
chr03_36206765,0.00998003992015968,0.293405114401077
chr03_3657643,0.207584830339321,0.351555929352397
chr03_4047654,0.0199600798403194,0.49524133242692
chr03_484812,0.0153027278775782,0.295669824086604
chr03_5109298,0.0206254158349967,0.306802721088435
chr03_5880211,0.8416500332668,0.375
chr03_6283461,0.0179640718562874,0.244233378561737
chr03_6902921,0.0119760479041916,0.479770734996628
chr03_7200676,0.0186294078509647,0.479972844534963
chr03_7798537,0.205588822355289,0.178271812080537
chr03_851785,0.0113107119095143,0.198787061994609
chr03_8532555,0.63872255489022,0.0979667282809612
chr03_8711509,0.00998003992015968,0.419582772543742
chr03_9026803,0.0186294078509647,0.363204344874406
chr03_9375374,0.0272787757817698,0.340753424657534
chr03_9636224,0.0146373918829009,0.436443542934415
chr03_9751213,0.0419161676646707,0.417246175243394
chr03_9878813,0.0153027278775782,0.492219215155616
chr04_1022225,0.00931470392548237,0.482178883658373
chr04_10468507,0.0113107119095143,0.339959568733154
chr04_10991011,0.010645375914837,0.347474747474747
chr04_1136986,0.00998003992015968,0.496298788694482
chr04_11645506,0.0119760479041916,0.472690492245448
chr04_11879947,0.0139720558882236,0.474324324324324
chr04_12244931,0.010645375914837,0.488552188552189
chr04_12297152,0.0445775116433799,0.404114365411437
chr04_12594753,0.042581503659348,0.14857341684064
chr04_12665796,0.00998003992015968,0.474091520861373
chr04_12684621,0.0146373918829009,0.483772819472617
chr04_12711415,0.118429807052562,0.253212396069539
chr04_13551673,0.0459081836327345,0.269902234636872
chr04_13665093,0.0179640718562874,0.466417910447761
chr04_14229856,0.0379241516966068,0.473684210526316
chr04_14814591,0.0252827677977379,0.485645933014354
chr04_15944977,0.0166333998669328,0.396680216802168
chr04_16289829,0.0345974717232202,0.389579020013803
chr04_16559384,0.00931470392548237,0.247478143913921
chr04_1719865,0.00998003992015968,0.494952893674293
chr04_17465113,0.0179640718562874,0.222862957937585
chr04_18136052,0.174318030605456,0.459241323648103
chr04_18706317,0.00931470392548237,0.489576328177539
chr04_19123643,0.0113107119095143,0.164757412398922
chr04_19353709,0.0133067198935462,0.280891289669142
chr04_193676,0.0439121756487026,0.465156794425087
chr04_20507218,0.0113107119095143,0.258760107816712
chr04_21517348,0.0133067198935462,0.491222147197839
chr04_21864875,0.0119760479041916,0.499325691166554
chr04_22435296,0.0119760479041916,0.412002697235334
chr04_22808095,0.181636726546906,0.282980456026059
chr04_23046635,0.0172987358616101,0.416271186440678
chr04_23248365,0.0146373918829009,0.428329952670723
chr04_23846299,0.0113107119095143,0.429582210242588
chr04_24061518,0.379241516966068,0.17937701396348
chr04_25245272,0.0113107119095143,0.459905660377358
chr04_25437295,0.010645375914837,0.435016835016835
chr04_26309089,0.0385894876912841,0.351697851697852
chr04_26545849,0.0113107119095143,0.215296495956873
chr04_26832471,0.0146373918829009,0.212981744421907
chr04_27540988,0.010645375914837,0.233670033670034
chr04_28004788,0.0153027278775782,0.497293640054127
chr04_28901886,0.228210246174318,0.256044905008636
chr04_29533215,0.0146373918829009,0.232251521298174
chr04_29715617,0.0166333998669328,0.151422764227642
chr04_29881066,0.0133067198935462,0.305536799459824
chr04_30174083,0.0166333998669328,0.430555555555556
chr04_30438901,0.0119760479041916,0.247471341874579
chr04_30879875,0.0139720558882236,0.241554054054054
chr04_31509863,0.0146373918829009,0.323191345503719
chr04_32189893,0.0126413838988689,0.249325236167341
chr04_32377619,0.998003992015968,0
chr04_33073892,0.0199600798403194,0.471787899388171
chr04_33448911,0.010645375914837,0.476430976430976
chr04_3411505,0.0119760479041916,0.49527983816588
chr04_34643455,0.0133067198935462,0.424037812288994
chr04_34925111,0.0139720558882236,0.285135135135135
chr04_4456304,0.00998003992015968,0.492597577388964
chr04_5625104,0.0139720558882236,0.461824324324324
chr04_6596219,0.0878243512974052,0.379839298758218
chr04_6913215,0.449101796407186,0.000605326876513317
chr04_7170237,0.0119760479041916,0.322656776803776
chr04_7304413,0.00998003992015968,0.376850605652759
chr04_7871436,0.0133067198935462,0.471978392977718
chr04_8217877,0.0113107119095143,0.480121293800539
chr04_8876854,0.0452428476380572,0.345080251221214
chr05_10539124,0.0372588157019295,0.155017301038062
chr05_10886331,0.0412508316699933,0.490618485059069
chr05_11679660,0.0133067198935462,0.397366644159352
chr05_1277191,0.0918163672654691,0.472853998532649
chr05_13325546,0.0139720558882236,0.491891891891892
chr05_13768744,0.0159680638722555,0.326675693974272
chr05_14412355,0.0126413838988689,0.445006747638327
chr05_1487229,0.0359281437125748,0.47892190739461
chr05_14928105,0.010645375914837,0.377777777777778
chr05_15567844,0.010645375914837,0.337373737373737
chr05_16262586,0.0133067198935462,0.420324105334234
chr05_16500527,0.0146373918829009,0.418526031102096
chr05_16752221,0.0119760479041916,0.320971004720162
chr05_16955234,0.366600133067199,0.0136842105263158
chr05_17017106,0.00998003992015968,0.396366083445491
chr05_18108765,0.0126413838988689,0.431848852901485
chr05_1832604,0.0133067198935462,0.489196488858879
chr05_18405433,0.0146373918829009,0.324543610547667
chr05_18816269,0.00798403193612774,0.372061786433848
chr05_19098650,0.0146373918829009,0.45605138607167
chr05_19155333,0.0113107119095143,0.457547169811321
chr05_19516545,0.137059214903526,0.330888030888031
chr05_19723342,0.0139720558882236,0.421959459459459
chr05_19974373,0.0419161676646707,0.313282336578581
chr05_201193,0.0179640718562874,0.496947082767978
chr05_20331215,0.0119760479041916,0.340863115306811
chr05_2045112,0.0492348636061211,0.494043447792572
chr05_20551103,0.0166333998669328,0.412940379403794
chr05_21494622,0.0119760479041916,0.306136210384356
chr05_22295097,0.0119760479041916,0.368172623061362
chr05_22711811,0.0139720558882236,0.490202702702703
chr05_2291156,0.010645375914837,0.321885521885522
chr05_23143060,0.0113107119095143,0.451145552560647
chr05_23661597,0.0113107119095143,0.455525606469003
chr05_24090514,0.0126413838988689,0.300269905533063
chr05_26185802,0.845642049234864,0
chr05_27086886,0.0392548236859614,0.439320388349515
chr05_27289052,0.0232867598137059,0.3731241473397
chr05_27531788,0.00998003992015968,0.430686406460296
chr05_27627633,0.00931470392548237,0.473100201748487
chr05_27899049,0.0385894876912841,0.424809424809425
chr05_28101376,0.0339321357285429,0.424137931034483
chr05_28344771,0.0113107119095143,0.497641509433962
chr05_28642522,0.0153027278775782,0.489174560216509
chr05_28772543,0.010645375914837,0.484175084175084
chr05_29100308,0.0133067198935462,0.36900742741391
chr05_29490231,0.859614105123087,0.0239234449760766
chr05_3470087,0.0119760479041916,0.427511800404585
chr05_3817643,0.0139720558882236,0.488175675675676
chr05_437499,0.0113107119095143,0.00134770889487871
chr05_440644,0.0119760479041916,0.147336480107889
chr05_44806,0.010645375914837,0.494276094276094
chr05_4589783,0.010645375914837,0.46969696969697
chr05_4819475,0.0126413838988689,0.468960863697706
chr05_6129755,0.0126413838988689,0.293522267206478
chr05_6544781,0.0126413838988689,0.253373819163293
chr05_6607675,0.0146373918829009,0.408045977011494
chr05_661832,0.0133067198935462,0.49594868332208
chr05_6833061,0.010645375914837,0.498316498316498
chr05_7195992,0.134397870924817,0.00538876058506543
chr05_7328783,0.0126413838988689,0.339068825910931
chr05_7706179,0.0139720558882236,0.35777027027027
chr05_8080666,0.0172987358616101,0.289152542372881
chr05_8384781,0.010645375914837,0.468350168350168
chr05_8585466,0.0153027278775782,0.31765899864682
chr05_922530,0.0139720558882236,0.370608108108108
chr05_9712988,0.0392548236859614,0.184466019417476
chr06_10006906,0.0113107119095143,0.38544474393531
chr06_10418594,0.132401862940785,0.307987711213518
chr06_10966744,0.0113107119095143,0.290768194070081
chr06_11131403,0.0139720558882236,0.351689189189189
chr06_11692013,0.0139720558882236,0.37027027027027
chr06_1272777,0.359281437125749,0.404786680541103
chr06_12989252,0.019294743845642,0.309782608695652
chr06_13702743,0.576180971390552,0.0291338582677165
chr06_1378891,0.00998003992015968,0.487550471063257
chr06_14006726,0.0119760479041916,0.258597437626433
chr06_14504992,0.040585495675316,0.229166666666667
chr06_1521855,0.00931470392548237,0.159717552118359
chr06_15358704,0.0139720558882236,0.225
chr06_15538142,0.0119760479041916,0.49291975724882
chr06_16304717,0.0133067198935462,0.24983119513842
chr06_16614854,0.0159680638722555,0.248476641841571
chr06_16806254,0.0232867598137059,0.232605729877217
chr06_1765761,0.0186294078509647,0.499660556687033
chr06_1768006,0.384564204923486,0.268689057421452
chr06_1768998,0.0179640718562874,0.414518317503392
chr06_19989362,0.986693280106454,0.222222222222222
chr06_2025629,0.278775781769794,0.408040665434381
chr06_20462203,0.0172987358616101,0.366101694915254
chr06_24003856,0.00931470392548237,0.465366509751177
chr06_24219798,0.0133067198935462,0.424375422012154
chr06_2430760,0.0186294078509647,0.498642226748133
chr06_24331932,0.0246174318030605,0.387295081967213
chr06_244274,0.00931470392548237,0.479488903833221
chr06_24502000,0.0126413838988689,0.390350877192982
chr06_24830750,0.62874251497006,0
chr06_25277863,0.042581503659348,0.0647181628392484
chr06_2535102,0.0119760479041916,0.461901550910317
chr06_26139965,0.0432468396540253,0.43558495821727
chr06_26513610,0.0153027278775782,0.47361299052774
chr06_26938344,0.519627411842981,0.463888888888889
chr06_27364485,0.0379241516966068,0.147160664819945
chr06_27627615,0.0139720558882236,0.45777027027027
chr06_27761109,0.010645375914837,0.449158249158249
chr06_2783620,0.0126413838988689,0.468960863697706
chr06_2808467,0.0119760479041916,0.473027646662171
chr06_28100960,0.0139720558882236,0.469594594594595
chr06_28107682,0.0133067198935462,0.0756245779878461
chr06_28201282,0.0139720558882236,0.242905405405405
chr06_28723997,0.755821689953426,0.00136986301369863
chr06_29056693,0.0133067198935462,0.2474679270763
chr06_29208264,0.0113107119095143,0.416105121293801
chr06_29416997,0.0166333998669328,0.480352303523035
chr06_30809492,0.00998003992015968,0.449865410497981
chr06_3140863,0.0139720558882236,0.471283783783784
chr06_3431721,0.0172987358616101,0.0420338983050847
chr06_3598843,0.0159680638722555,0.206499661475965
chr06_3632725,0.0306054557551564,0.141237113402062
chr06_3721346,0.0159680638722555,0.219363574813812
chr06_3951547,0.0113107119095143,0.0421159029649596
chr06_400753,0.0113107119095143,0.3955525606469
chr06_4076903,0.0133067198935462,0.0844024307900068
chr06_4641044,0.0119760479041916,0.0913688469318948
chr06_4757948,0.0119760479041916,0.476736345246123
chr06_5195334,0.111111111111111,0.44527736131934
chr06_5707236,0.0126413838988689,0.490215924426451
chr06_5894169,0.0505655355954757,0.422105263157895
chr06_6093491,0.0119760479041916,0.411328388401888
chr06_6508525,0.0153027278775782,0.349458728010825
chr06_6752756,0.0352628077178975,0.5
chr06_677288,0.0133067198935462,0.426738690074274
chr06_7629011,0.0153027278775782,0.445872801082544
chr06_8153078,0.0166333998669328,0.350609756097561
chr06_8405025,0.0798403193612774,0.381607530774801
chr06_9222038,0.290751829673985,0
chr07_1058718,0.0146373918829009,0.45368492224476
chr07_11290725,0.0139720558882236,0.369932432432432
chr07_1195861,0.0126413838988689,0.477395411605938
chr07_1317761,0.0312707917498337,0.466299862448418
chr07_1432567,0.0146373918829009,0.475997295469912
chr07_14729119,0.0119760479041916,0.49291975724882
chr07_15340454,0.0113107119095143,0.355458221024259
chr07_1558687,0.192282102461743,0.4496699669967
chr07_16313631,0.0113107119095143,0.403975741239892
chr07_17654305,0.00998003992015968,0.457940780619112
chr07_17877865,0.0119760479041916,0.378624409979771
chr07_18208798,0.0179640718562874,0.360244233378562
chr07_18503646,0.0146373918829009,0.429006085192698
chr07_1865306,0.0166333998669328,0.107723577235772
chr07_18689329,0.0266134397870925,0.423340177960301
chr07_20095030,0.0126413838988689,0.492577597840756
chr07_20514892,0.0159680638722555,0.25727826675694
chr07_21135004,0.0113107119095143,0.466307277628032
chr07_2128881,0.0219560878243513,0.470367847411444
chr07_21539524,0.0146373918829009,0.437119675456389
chr07_22119347,0.0206254158349967,0
chr07_22277144,0.0166333998669328,0.484078590785908
chr07_22593213,0.00798403193612774,0.449294828744124
chr07_22811363,0.0113107119095143,0.462601078167116
chr07_23087994,0.0412508316699933,0.450660180681028
chr07_2331583,0.0153027278775782,0.098105548037889
chr07_23535052,0.0146373918829009,0.337052062204192
chr07_23785728,0.0119760479041916,0.364126770060688
chr07_24194267,0.0432468396540253,0.373607242339833
chr07_24313817,0.0133067198935462,0.37204591492235
chr07_24507157,0.00998003992015968,0.256056527590848
chr07_25339609,0.163672654690619,0.225498007968127
chr07_25935801,0.010645375914837,0.375084175084175
chr07_27021585,0.0133067198935462,0.458136394328157
chr07_27883987,0.0479041916167665,0.250874737578726
chr07_28187994,0.0126413838988689,0.298245614035088
chr07_28409912,0.0119760479041916,0.402899527983817
chr07_3616857,0.387890884896873,0.407952069716776
chr07_514293,0.010645375914837,0.461616161616162
chr07_5442983,0.607451763140386,0.490646258503401
chr07_5729056,0.0153027278775782,0.398173207036536
chr07_6029723,0.0126413838988689,0.491902834008097
chr07_7317122,0.0266134397870925,0.353182751540041
chr07_770090,0.0126413838988689,0.480094466936572
chr07_8140854,0.00998003992015968,0.457604306864065
chr07_8320872,0.0119760479041916,0.466284558327714
chr07_8487862,0.0146373918829009,0.377958079783638
chr07_940832,0.0113107119095143,0.451145552560647
chr08_10105233,0.0126413838988689,0.467611336032389
chr08_10188041,0.0771789753825682,0.324548736462094
chr08_10358484,0.0159680638722555,0.383886255924171
chr08_1088007,0.0199600798403194,0.499320190346703
chr08_11248949,0.0133067198935462,0.333220796758947
chr08_11565636,0.0206254158349967,0.185714285714286
chr08_11727432,0.0412508316699933,0.290132036136206
chr08_11888511,0.0139720558882236,0.256756756756757
chr08_1198055,0.00931470392548237,0.292871553463349
chr08_12145970,0.0126413838988689,0.263495276653171
chr08_12421145,0.0172987358616101,0.356949152542373
chr08_12723619,0.350632069194943,0.478952772073922
chr08_13354771,0.0805056553559548,0.197463768115942
chr08_13741571,0.0113107119095143,0.182951482479784
chr08_13950899,0.0119760479041916,0.18981793661497
chr08_14184612,0.0172987358616101,0.183728813559322
chr08_14676962,0.0119760479041916,0.184760620364127
chr08_14799421,0.994677312042581,0.25
chr08_14986111,0.0146373918829009,0.156862745098039
chr08_15439243,0.010645375914837,0.155892255892256
chr08_15666434,0.0159680638722555,0.192620176032498
chr08_16618829,0.0133067198935462,0.219446320054018
chr08_16799413,0.0445775116433799,0.465481171548117
chr08_16967616,0.0978043912175649,0.495937961595273
chr08_17319167,0.0133067198935462,0.463875759621877
chr08_18108496,0.0572188955422488,0.45017667844523
chr08_18221884,0.0113107119095143,0.463274932614555
chr08_18552226,0.0126413838988689,0.466599190283401
chr08_19351882,0.0119760479041916,0.276466621712744
chr08_19833397,0.0113107119095143,0.455525606469003
chr08_20053642,0.021290751829674,0.493873383253914
chr08_21011651,0.0126413838988689,0.273954116059379
chr08_21253397,0.99268130405855,0
chr08_213580,0.00998003992015968,0.296769851951548
chr08_21667240,0.0139720558882236,0.479054054054054
chr08_2208785,0.010645375914837,0.355218855218855
chr08_22776414,0.879574184963407,0.00279329608938547
chr08_23713744,0.0146373918829009,0.205882352941176
chr08_24125399,0.0113107119095143,0.133086253369272
chr08_24205833,0.0246174318030605,0.495560109289617
chr08_24753844,0.042581503659348,0.326374391092554
chr08_25157676,0.0113107119095143,0.381738544474394
chr08_25467581,0.0113107119095143,0.279986522911051
chr08_25757847,0.99268130405855,0.166666666666667
chr08_26448560,0.040585495675316,0.426041666666667
chr08_26709228,0.0146373918829009,0.269438810006761
chr08_2673447,0.0126413838988689,0.441295546558704
chr08_26755059,0.0379241516966068,0.0602493074792244
chr08_26898822,0.0133067198935462,0.25118163403106
chr08_27039158,0.0126413838988689,0.390688259109312
chr08_27282645,0.0133067198935462,0.414247130317353
chr08_28125942,0.224218230206254,0.299398625429553
chr08_3212821,0.0146373918829009,0.32183908045977
chr08_3365127,0.0113107119095143,0.393530997304582
chr08_3682006,0.0146373918829009,0.483096686950642
chr08_3866523,0.0153027278775782,0.314276048714479
chr08_4190544,0.0113107119095143,0.441037735849057
chr08_4511882,0.00998003992015968,0.356325706594886
chr08_5082883,0.0119760479041916,0.156439649359407
chr08_5394572,0.0139720558882236,0.414864864864865
chr08_5634800,0.457085828343313,0
chr08_6269190,0.010645375914837,0.418518518518519
chr08_658032,0.0113107119095143,0.485849056603774
chr08_7950638,0.0126413838988689,0.490890688259109
chr08_811201,0.0126413838988689,0.482793522267206
chr08_8386031,0.0113107119095143,0.29144204851752
chr08_8580913,0.010645375914837,0.361952861952862
chr08_8703041,0.0485695276114438,0.251050420168067
chr08_8897653,0.0372588157019295,0.475432525951557
chr08_9400516,0.0126413838988689,0.422064777327935
chr08_9985601,0.359946773120426,0.165104166666667
chr09_10119114,0.0199600798403194,0.233854520734194
chr09_10324014,0.10645375914837,0.204697986577181
chr09_1098249,0.0119760479041916,0.378287255563048
chr09_11237877,0.0179640718562874,0.277476255088195
chr09_11608425,0.0911510312707917,0
chr09_11746684,0.0172987358616101,0.279661016949153
chr09_11848827,0.0206254158349967,0.473809523809524
chr09_12029697,0.145708582834331,0.334243369734789
chr09_12326525,0.0685296074517631,0.437052932761087
chr09_1467951,0.0146373918829009,0.464164976335362
chr09_148594,0.0119760479041916,0.321645313553608
chr09_14920092,0.104457751164338,0.336681547619048
chr09_15322775,0.0246174318030605,0.438866120218579
chr09_15429734,0.0113107119095143,0.459231805929919
chr09_16616509,0.214238190286094,0.316793893129771
chr09_17213519,0.868263473053892,0.0229591836734694
chr09_17447522,0.0119760479041916,0.238031018206339
chr09_17707080,0.00998003992015968,0.272880215343203
chr09_19322095,0.0159680638722555,0.266756939742722
chr09_19683788,0.0146373918829009,0.457065584854632
chr09_20138174,0.0226214238190286,0.302317655078391
chr09_20682114,0.0113107119095143,0.429245283018868
chr09_2096551,0.0252827677977379,0.327067669172932
chr09_21148430,0.010645375914837,0.445117845117845
chr09_21348882,0.0266134397870925,0.247091033538672
chr09_21612758,0.0113107119095143,0.224056603773585
chr09_21667022,0.30938123752495,0.0366795366795367
chr09_21885499,0.0671989354624085,0.480357142857143
chr09_21896910,0.0119760479041916,0.475724881995954
chr09_22076185,0.582834331337325,0.1408
chr09_2298381,0.711244178310047,0.224537037037037
chr09_2380203,0.0419161676646707,0.187065368567455
chr09_2930321,0.220891550232868,0.393926432848589
chr09_3357568,0.0113107119095143,0.473045822102426
chr09_3603443,0.0133067198935462,0.464888588791357
chr09_3934768,0.0372588157019295,0.283737024221453
chr09_4136552,0.0133067198935462,0.269750168804862
chr09_496013,0.010645375914837,0.402693602693603
chr09_5008706,0.0652029274783766,0.487170349251604
chr09_5305969,0.0166333998669328,0.399390243902439
chr09_5812738,0.0146373918829009,0.197768762677485
chr09_591085,0.0345974717232202,0.348516218081435
chr09_5922125,0.0432468396540253,0.40633704735376
chr09_6093984,0.0186294078509647,0.451799049558724
chr09_6252407,0.0139720558882236,0.368918918918919
chr09_6796269,0.0399201596806387,0.364677307425399
chr09_6913547,0.0139720558882236,0.46722972972973
chr09_7116276,0.0432468396540253,0.32625348189415
chr09_7280339,0.010645375914837,0.479461279461279
chr09_8511436,0.133067198935462,0.321675634127594
chr09_8851945,0.0166333998669328,0.474932249322493
chr09_9252104,0.0126413838988689,0.471997300944669
chr09_9626056,0.0113107119095143,0.221361185983827
chr09_9945591,0.0838323353293413,0.470181818181818
chr10_10293012,0.964737192282102,0.431372549019608
chr10_11195773,0.0126413838988689,0.271929824561404
chr10_11664750,0.010645375914837,0.21010101010101
chr10_11918679,0.0359281437125748,0.397028334485142
chr10_12145295,0.010645375914837,0.276430976430976
chr10_12658334,0.197604790419162,0.000830564784053156
chr10_12780901,0.0399201596806387,0.40145732130465
chr10_13551338,0.0186294078509647,0.487101154107264
chr10_13778768,0.0798403193612774,0.47139753801593
chr10_14086902,0.0345974717232202,0.0514147688060732
chr10_14640458,0.0113107119095143,0.477425876010782
chr10_146531,0.0811709913506321,0.34010152284264
chr10_1562931,0.0126413838988689,0.350539811066127
chr10_15824876,0.0133067198935462,0.415597569209993
chr10_16229530,0.0126413838988689,0.258434547908232
chr10_16742656,0.0153027278775782,0.111975642760487
chr10_18098744,0.0166333998669328,0.292005420054201
chr10_18302926,0.00931470392548237,0.198386012104909
chr10_18583084,0.0153027278775782,0.276048714479026
chr10_1873548,0.010645375914837,0.481481481481481
chr10_18852690,0.0126413838988689,0.495614035087719
chr10_19025553,0.0119760479041916,0.489211058664869
chr10_19217152,0.029940119760479,0.482486263736264
chr10_19378143,0.0133067198935462,0.412896691424713
chr10_19421322,0.0113107119095143,0.215633423180593
chr10_19678268,0.74251497005988,0.157142857142857
chr10_19899160,0.0126413838988689,0.328947368421053
chr10_20723502,0.0153027278775782,0.391745602165088
chr10_2129424,0.0133067198935462,0.352802160702228
chr10_21338558,0.0133067198935462,0.453409858203916
chr10_21596449,0.0126413838988689,0.338394062078273
chr10_22512962,0.708582834331337,0
chr10_3358419,0.00998003992015968,0.221399730820996
chr10_3400212,0.0359281437125748,0.481340704906703
chr10_4019997,0.0718562874251497,0.479181622397703
chr10_4281052,0.0392548236859614,0.157420249653259
chr10_5257224,0.0372588157019295,0.480276816608997
chr10_5488256,0.0133067198935462,0.403781228899392
chr10_5826161,0.0139720558882236,0.486824324324324
chr10_6798684,0.0159680638722555,0.482396750169262
chr10_7120214,0.0113107119095143,0.481805929919137
chr10_7530092,0.0139720558882236,0.442567567567568
chr10_790044,0.0159680638722555,0.45260663507109
chr10_8404652,0.0113107119095143,0.464622641509434
chr10_8795028,0.00864936793080506,0.362231182795699
chr10_9095431,0.0226214238190286,0.39025221540559
chr11_10741559,0.0159680638722555,0.491536899119838
chr11_11715177,0.042581503659348,0.474251913709116
chr11_12142966,0.0146373918829009,0.442190669371197
chr11_12583306,0.0538922155688623,0.370070422535211
chr11_13020856,0.884231536926148,0.5
chr11_14737362,0.00931470392548237,0.265971755211836
chr11_15447862,0.0119760479041916,0.272083614295347
chr11_15638505,0.330671989354624,0.00846613545816733
chr11_15850522,0.0166333998669328,0.485772357723577
chr11_16284824,0.0538922155688623,0.313732394366197
chr11_17047762,0.0172987358616101,0.423728813559322
chr11_17292835,0.0113107119095143,0.26044474393531
chr11_17489208,0.010645375914837,0.451515151515152
chr11_17697337,0.0133067198935462,0.479743416610398
chr11_17908099,0.0119760479041916,0.108563722184761
chr11_18290104,0.0119760479041916,0.0954146999325691
chr11_18936070,0.0126413838988689,0.488529014844804
chr11_19898835,0.0126413838988689,0.286774628879892
chr11_20074439,0.112441783100466,0.202327327327327
chr11_20647651,0.0412508316699933,0.199791521890202
chr11_20837771,0.0392548236859614,0.46497919556172
chr11_21190115,0.010645375914837,0.497643097643098
chr11_21273677,0.0379241516966068,0
chr11_21446099,0.0232867598137059,0.427012278308322
chr11_21689303,0.010645375914837,0.333333333333333
chr11_21691103,0.0166333998669328,0.41429539295393
chr11_22044151,0.0139720558882236,0.31722972972973
chr11_22453819,0.0126413838988689,0.26417004048583
chr11_22562351,0.0113107119095143,0.464622641509434
chr11_22912310,0.021290751829674,0.43430905377808
chr11_23023708,0.051230871590153,0.432935393258427
chr11_23080452,0.0133067198935462,0.442606347062795
chr11_23083051,0.0126413838988689,0.425775978407557
chr11_23231455,0.0133067198935462,0.0759621877110061
chr11_2393690,0.0139720558882236,0.355067567567568
chr11_24100905,0.0745176314038589,0.302375809935205
chr11_25135188,0.0279441117764471,0.452021932830706
chr11_25279481,0.165668662674651,0.286741214057508
chr11_256688,0.0445775116433799,0.295676429567643
chr11_25811598,0.0326014637391883,0.305785123966942
chr11_26300403,0.0126413838988689,0.425101214574899
chr11_27603799,0.0139720558882236,0.407432432432432
chr11_27817978,0.0119760479041916,0.333445718138908
chr11_27994133,0.0119760479041916,0.407282535401214
chr11_2875870,0.00931470392548237,0.429051782111634
chr11_28966693,0.0186294078509647,0.340801086218602
chr11_3516253,0.0133067198935462,0.446320054017556
chr11_3802930,0.0172987358616101,0.374237288135593
chr11_3827762,0.0538922155688623,0.336267605633803
chr11_5615885,0.0126413838988689,0.3917004048583
chr11_5852961,0.0146373918829009,0.448613928329953
chr11_6088667,0.0119760479041916,0.423128792987188
chr11_6472086,0.109780439121756,0.360778443113772
chr11_650148,0.0432468396540253,0.498607242339833
chr11_7434978,0.042581503659348,0.475643702157272
chr11_7542820,0.0146373918829009,0.461460446247465
chr11_8083891,0.010645375914837,0.28013468013468
chr11_8786491,0.0139720558882236,0.30472972972973
chr11_9413614,0.115768463073852,0.453654860587792
chr11_9561302,0.00998003992015968,0.281965006729475
chr12_10469146,0.00998003992015968,0.479138627187079
chr12_10509878,0.010645375914837,0.46969696969697
chr12_11257069,0.0944777112441783,0.415011037527594
chr12_11720114,0.0172987358616101,0.487796610169492
chr12_12075622,0.0113107119095143,0.470013477088949
chr12_12509917,0.0139720558882236,0.464527027027027
chr12_12904225,0.0126413838988689,0.492577597840756
chr12_13248798,0.0126413838988689,0.239541160593792
chr12_13764151,0.0226214238190286,0.25494205862304
chr12_14060565,0.0139720558882236,0.438175675675676
chr12_14489210,0.0219560878243513,0.328678474114441
chr12_14599449,0.0119760479041916,0.24881995954147
chr12_14936674,0.0385894876912841,0.322245322245322
chr12_15140411,0.0119760479041916,0.341200269723533
chr12_15342492,0.010645375914837,0.498316498316498
chr12_15757091,0.0239520958083832,0.490443686006826
chr12_16287347,0.0306054557551564,0.191752577319588
chr12_16591134,0.0359281437125748,0.12992398064962
chr12_16990670,0.0119760479041916,0.481793661496966
chr12_17443323,0.010645375914837,0.397979797979798
chr12_17571574,0.0199600798403194,0.198504418762746
chr12_18003414,0.0119760479041916,0.498314227916386
chr12_18881059,0.0279441117764471,0.419122686771761
chr12_19161731,0.0126413838988689,0.193657219973009
chr12_19522102,0.0119760479041916,0.496291301416049
chr12_19578931,0.0365934797072522,0.356846473029046
chr12_19829588,0.0306054557551564,0.327147766323024
chr12_21446549,0.0119760479041916,0.334794335805799
chr12_21731719,0.083166999334664,0.160247093023256
chr12_22600624,0.0172987358616101,0.466779661016949
chr12_23066809,0.00931470392548237,0.489912575655683
chr12_23108164,0.0153027278775782,0.16914749661705
chr12_23190179,0.0153027278775782,0.341001353179973
chr12_23828922,0.0126413838988689,0.456140350877193
chr12_24088209,0.0139720558882236,0.472972972972973
chr12_24145303,0.0139720558882236,0.493243243243243
chr12_24317071,0.0153027278775782,0.493234100135318
chr12_24417433,0.0113107119095143,0.488207547169811
chr12_24705450,0.0159680638722555,0.37914691943128
chr12_25490919,0.0139720558882236,0.40472972972973
chr12_25756224,0.0139720558882236,0.482094594594595
chr12_26259494,0.0226214238190286,0.375255623721881
chr12_26463351,0.0126413838988689,0.469973009446694
chr12_2651274,0.0133067198935462,0.414247130317353
chr12_26665728,0.0119760479041916,0.404248145650708
chr12_27023424,0.0146373918829009,0.360040567951318
chr12_27304351,0.0139720558882236,0.442567567567568
chr12_3086293,0.0126413838988689,0.244939271255061
chr12_3217524,0.719893546240852,0.0477326968973747
chr12_3285571,0.0399201596806387,0.226578764746704
chr12_3544726,0.00998003992015968,0.365410497981157
chr12_4141420,0.0166333998669328,0.2710027100271
chr12_4433511,0.0206254158349967,0.306122448979592
chr12_4554103,0.0133067198935462,0.275151924375422
chr12_5041059,0.0226214238190286,0.435241990456714
chr12_7114076,0.010645375914837,0.317171717171717
chr12_7445812,0.00998003992015968,0.472745625841184
chr12_7917509,0.0126413838988689,0.429824561403509
chr12_8070782,0.0306054557551564,0.427491408934708
chr12_8240608,0.0439121756487026,0.434494773519164
chr12_8794364,0.0139720558882236,0.397972972972973
chr12_8913217,0.00998003992015968,0.466689098250336
chr12_9120135,0.0545575515635396,0.400986610288936
chr12_9540170,0.0206254158349967,0.495238095238095
dep1-1,0.0172987358616101,0.5
dep1-2,0.040585495675316,0.5
ehd1-01,0.0379241516966068,0
elf3-01,0.0133067198935462,0.00270087778528022
fgr_1,0.00998003992015968,0.49528936742934
his1,0.0139720558882236,0.489864864864865
ms-IR36,0.101796407185629,0
pi21-03,0.0365934797072522,0.493430152143845
qSES1-2_1,0.0139720558882236,0.485810810810811
qSES1-2_2,0.0119760479041916,0.496628455832771
qSES1-2_3,0.0133067198935462,0.481769074949359
qSES1-2_4,0.00998003992015968,0.482166890982503
rymv1-2,0.0399201596806387,0.5
rymv1-4,0.0119760479041916,0.494268374915711
rymv1-5,0.0139720558882236,0.5
sweet14_2,0.00864936793080506,0.5
sweet14_pro1,0.0126413838988689,0.5
tms5-STOP,0.063872255489022,0.5
xa13_1,0.0332667997338656,0.469331495520331
xa13_2,0.0199600798403194,0.496600951733515
xa4_1,0.190951430472389,0.245881383855025
xa4_2,0.00931470392548237,0.417955615332885
